Repository Name,Created At,Stars,Pull Requests,Releases,Issues,Closed Issues,Language
freeCodeCamp,2014-12-24T17:49:19Z,410341,39179,0,18930,18759,TypeScript
free-programming-books,2013-10-11T06:50:37Z,350937,10449,0,1160,1131,HTML
awesome,2014-07-11T13:42:37Z,348277,2105,0,347,335,N/A
build-your-own-x,2018-05-09T12:03:18Z,338888,435,0,730,541,Markdown
public-apis,2016-03-20T23:49:42Z,328173,3350,0,652,603,Python
coding-interview-university,2016-06-06T02:34:12Z,312200,1012,0,511,458,N/A
developer-roadmap,2017-03-15T13:45:52Z,308884,4886,1,2667,2529,TypeScript
system-design-primer,2017-02-26T16:15:28Z,289906,572,0,319,87,Python
996.ICU,2019-03-26T07:31:14Z,270288,1987,0,0,0,N/A
awesome-python,2014-06-27T21:00:06Z,234888,1972,0,0,0,Python
react,2013-05-24T16:15:54Z,232504,16880,103,13535,12756,JavaScript
project-based-learning,2017-04-12T05:07:46Z,218539,443,0,190,78,N/A
awesome-selfhosted,2015-06-01T02:33:17Z,217641,3036,1,803,803,N/A
vue,2013-07-29T03:24:51Z,208399,2563,249,10018,9664,TypeScript
Python,2016-07-16T09:44:01Z,197541,10427,0,1556,1492,Python
javascript-algorithms,2018-03-24T07:47:04Z,190190,773,0,356,227,JavaScript
linux,2011-09-04T22:48:12Z,188235,1054,0,0,0,C
tensorflow,2015-11-07T01:19:20Z,188191,45624,213,40251,39447,C++
You-Dont-Know-JS,2013-11-16T02:37:24Z,181094,891,0,936,855,N/A
CS-Notes,2018-02-13T14:56:24Z,178991,619,0,596,448,N/A
ohmyzsh,2009-08-28T18:15:37Z,176249,7524,0,4894,4760,Shell
computer-science,2014-05-04T00:18:39Z,175736,460,0,642,628,N/A
AutoGPT,2023-03-16T09:21:07Z,171789,5146,42,3141,2975,Python
bootstrap,2011-07-29T21:19:00Z,171593,15480,89,22621,22121,JavaScript
flutter,2015-03-06T22:54:58Z,168785,59061,7,103559,90572,Dart
vscode,2015-09-03T20:23:38Z,167645,36946,156,190758,182080,TypeScript
gitignore,2010-11-08T20:17:14Z,164566,4496,0,0,0,N/A
Python-100-Days,2018-03-01T16:05:52Z,161091,350,0,660,114,Jupyter Notebook
the-book-of-secret-knowledge,2018-06-23T10:43:14Z,158803,298,0,0,0,N/A
the-art-of-command-line,2015-05-20T15:11:03Z,154789,594,0,254,136,N/A
JavaGuide,2018-05-07T13:27:00Z,148240,1442,0,1073,1008,Java
stable-diffusion-webui,2022-08-22T14:05:26Z,148226,3226,27,7749,5446,Python
javascript,2012-11-01T23:13:50Z,146163,1629,0,1347,1252,JavaScript
transformers,2018-10-29T13:56:00Z,139962,19112,180,16704,15710,Python
awesome-go,2014-07-06T13:42:15Z,138589,4790,0,670,665,Go
youtube-dl,2010-10-31T14:35:07Z,134323,4962,341,26688,22998,Python
next.js,2016-10-05T23:32:51Z,129599,27312,1000,22410,19736,JavaScript
ollama,2023-06-26T19:39:32Z,128599,2993,115,6071,4698,Go
fucking-algorithm,2020-02-19T09:01:23Z,126905,503,1,881,877,Markdown
go,2014-08-19T04:33:40Z,125999,4386,0,65573,56416,Go
30-seconds-of-code,2017-11-29T17:35:03Z,122743,1617,11,296,296,JavaScript
tech-interview-handbook,2016-07-05T05:00:48Z,122018,551,0,107,70,TypeScript
Microsoft-Activation-Scripts,2020-01-12T23:03:34Z,120907,38,19,575,573,Batchfile
awesome-chatgpt-prompts,2022-12-05T13:54:13Z,120756,667,0,0,0,HTML
react-native,2015-01-09T18:10:16Z,120683,20989,375,26655,26064,C++
scrcpy,2017-11-21T18:00:27Z,117948,530,44,5226,3017,C
electron,2013-04-12T01:47:36Z,115563,24370,1000,20547,19692,C++
PowerToys,2019-05-01T17:44:02Z,115015,5788,109,31569,25754,C#
kubernetes,2014-06-06T22:56:04Z,113258,83159,722,46680,44795,Go
free-programming-books-zh_CN,2013-11-04T01:59:19Z,112690,467,3,0,0,N/A
d3,2010-09-27T17:22:42Z,109878,1195,194,2224,2215,Shell
node,2014-11-26T19:57:11Z,109781,36069,429,18797,17159,JavaScript
hello-algo,2022-11-04T11:08:34Z,109244,1143,9,253,235,Java
axios,2014-08-18T22:30:27Z,106361,1766,87,4757,4196,JavaScript
three.js,2010-03-23T18:58:01Z,104462,17527,165,12846,12424,JavaScript
create-react-app,2016-07-17T14:55:11Z,103108,4306,83,8371,6560,JavaScript
TypeScript,2014-06-17T15:28:39Z,102304,18428,206,41711,36187,TypeScript
deno,2018-05-15T01:34:26Z,101865,14878,312,12107,10143,Rust
nodebestpractices,2017-09-15T08:33:19Z,101853,962,0,325,284,Dockerfile
rust,2010-06-16T20:39:03Z,101438,80371,135,56668,46675,Rust
yt-dlp,2020-10-26T04:22:55Z,101306,3451,104,8714,7206,Python
langchain,2022-10-17T02:58:36Z,101243,16887,806,8213,7867,Jupyter Notebook
HelloGitHub,2016-05-04T06:24:11Z,98770,48,51,2751,2559,Python
terminal,2017-08-11T18:38:22Z,97116,4592,128,13117,11518,C++
angular,2014-09-18T16:12:01Z,97010,29543,407,28757,27244,TypeScript
material-ui,2014-08-18T19:11:54Z,94851,24239,521,19831,18156,TypeScript
godot,2014-01-04T16:05:36Z,94205,46911,58,55149,43785,C++
ant-design,2015-04-24T15:37:24Z,93773,19125,690,30917,29708,TypeScript
excalidraw,2020-01-02T01:04:43Z,92886,4884,13,3863,2195,TypeScript
clean-code-javascript,2016-11-25T22:25:41Z,92497,290,0,234,163,JavaScript
free-for-dev,2015-03-18T21:06:26Z,92388,3470,0,0,0,HTML
papers-we-love,2013-12-15T14:31:41Z,91015,519,0,243,243,Shell
java-design-patterns,2014-08-09T16:45:18Z,90801,2213,0,942,817,Java
frp,2015-12-21T15:24:59Z,90712,939,101,3703,3645,Go
iptv,2018-11-14T22:00:57Z,90426,7271,0,9957,9858,JavaScript
thefuck,2015-04-08T15:08:04Z,90170,707,17,745,471,Python
puppeteer,2017-05-09T22:16:13Z,89784,6388,494,7074,6819,TypeScript
tauri,2019-07-13T09:09:37Z,89706,5477,1000,5209,4258,Rust
Awesome-Hacking,2016-03-30T15:47:10Z,89183,111,0,0,0,N/A
vue-element-admin,2017-04-17T03:35:49Z,88747,590,49,3597,2357,Vue
DeepSeek-V3,2024-12-26T09:52:40Z,87456,108,0,406,299,Python
pytorch,2016-08-13T05:26:41Z,87122,98250,58,49020,34471,Python
neovim,2014-01-31T13:39:22Z,86417,19568,41,12337,10784,Vim Script
every-programmer-should-know,2017-08-24T13:18:26Z,86244,171,0,51,22,N/A
storybook,2016-03-18T04:23:44Z,85917,13405,1000,13161,11121,TypeScript
tailwindcss,2017-10-06T14:59:14Z,85860,3435,268,3982,3897,TypeScript
Web-Dev-For-Beginners,2020-11-10T02:44:00Z,85143,883,0,295,240,JavaScript
rustdesk,2020-09-28T15:36:08Z,82577,3881,28,3298,3250,Rust
django,2012-04-28T02:47:18Z,82439,19143,0,0,0,Python
nvm,2010-04-15T17:47:47Z,82387,1099,68,2254,1954,Shell
app-ideas,2019-02-25T18:36:56Z,82258,706,0,169,43,N/A
bitcoin,2010-12-19T15:16:43Z,82127,21983,54,8406,8021,C++
svelte,2016-11-20T18:13:05Z,81507,6705,393,7974,7201,JavaScript
ui,2023-01-04T12:43:27Z,81429,1945,37,2803,2014,TypeScript
animate.css,2011-10-12T10:07:38Z,81343,910,22,873,841,CSS
realworld,2016-02-26T20:49:53Z,81225,879,0,539,495,TypeScript
fastapi,2018-12-08T08:21:47Z,81224,4323,200,3463,3411,Python
NextChat,2023-03-10T18:27:54Z,81150,2467,76,3392,2820,TypeScript
opencv,2012-07-19T09:40:17Z,80701,15771,65,11008,8442,C++
gin,2014-06-16T23:57:25Z,80437,1843,26,2288,1647,Go
DeepSeek-R1,2025-01-20T11:57:28Z,80038,49,0,401,156,N/A
awesome-mac,2016-07-17T15:33:47Z,79831,1093,10,452,342,JavaScript
laravel,2011-06-08T03:06:08Z,79708,4883,182,0,0,PHP
mall,2018-04-04T01:11:44Z,79170,124,3,496,481,Java
hugo,2013-07-04T15:26:26Z,78226,5636,315,7586,7139,Go
FiraCode,2014-11-11T19:32:38Z,78213,195,29,1344,944,Clojure
supabase,2019-10-12T05:56:49Z,77843,13382,19,4176,3863,TypeScript
open-webui,2023-10-06T22:08:27Z,77722,2468,92,4061,3911,JavaScript
models,2016-02-05T01:15:20Z,77400,3840,48,7297,6231,Python
advanced-java,2018-10-06T11:38:30Z,77054,128,1,147,142,Java
whisper,2022-09-16T20:02:54Z,76775,295,12,0,0,Python
core,2013-09-17T07:29:48Z,76685,80888,1000,57396,54518,Python
bun,2021-04-14T00:48:17Z,76351,6090,179,10699,6700,Zig
spring-boot,2012-10-19T15:02:57Z,76229,6716,300,37126,36588,Java
mermaid,2014-11-01T23:52:32Z,76003,2797,142,3132,2008,TypeScript
LeetCodeAnimation,2018-12-06T08:01:22Z,75713,77,0,61,42,Java
v2rayN,2019-07-30T03:47:24Z,75411,386,234,5364,5348,C#
manim,2015-03-22T18:50:58Z,75185,863,13,1188,751,Python
llama.cpp,2023-03-10T18:58:00Z,75009,5360,1000,4580,4231,C++
Font-Awesome,2012-02-17T14:19:43Z,74683,700,59,19578,15481,JavaScript
json-server,2013-11-27T13:21:13Z,73682,414,38,1161,546,JavaScript
netdata,2013-06-17T18:39:10Z,73568,11135,108,8021,7874,C
awesome-interview-questions,2015-11-28T09:48:17Z,73333,233,0,62,35,N/A
awesome-vue,2015-10-20T00:16:14Z,72597,3940,0,223,189,N/A
gpt4all,2023-03-27T18:49:32Z,72567,1173,37,2123,1475,C++
awesome-for-beginners,2015-10-24T19:53:36Z,71827,1375,0,171,166,N/A
elasticsearch,2010-02-08T13:20:56Z,71707,84469,171,38362,34359,Java
github-readme-stats,2020-07-09T10:34:22Z,71576,2445,0,1271,1095,JavaScript
generative-ai-for-beginners,2023-06-19T16:28:59Z,71272,426,0,139,135,Jupyter Notebook
ML-For-Beginners,2021-03-03T01:34:05Z,71185,522,0,139,136,HTML
funNLP,2018-08-21T11:20:39Z,71122,27,0,77,47,Python
dify,2023-04-12T07:40:24Z,70944,5870,119,6674,6278,TypeScript
vite,2020-04-21T05:03:57Z,70859,6711,524,7743,7299,TypeScript
code-server,2019-02-27T16:50:41Z,69937,1943,174,3603,3472,TypeScript
stable-diffusion,2022-08-10T14:36:44Z,69667,150,0,720,194,Jupyter Notebook
Front-End-Checklist,2017-10-16T10:12:36Z,69598,308,1,148,148,N/A
playwright,2019-11-15T18:32:42Z,69563,16033,141,15339,14612,TypeScript
nest,2017-02-04T20:12:52Z,69546,8783,112,5534,5503,TypeScript
moby,2013-01-18T18:10:57Z,69220,26043,212,22833,19708,Go
HowToCook,2020-02-29T10:43:49Z,69193,716,3,677,300,Dockerfile
flask,2010-04-06T11:11:59Z,68869,2620,35,2667,2665,Python
node,2023-02-01T13:55:02Z,68565,192,43,207,158,Shell
system-design-101,2023-09-18T20:52:03Z,68559,38,0,50,15,N/A
screenshot-to-code,2023-11-14T17:53:32Z,68495,113,0,366,274,Python
reveal.js,2011-06-07T18:54:22Z,68397,1097,47,2431,1677,JavaScript
hoppscotch,2019-08-21T13:15:24Z,68382,2573,64,1791,1284,TypeScript
cs-video-courses,2016-10-21T17:02:11Z,68168,215,0,145,143,N/A
fzf,2013-10-23T16:04:23Z,68165,1009,59,2887,2649,Go
swift,2015-10-23T21:15:07Z,68148,59697,57,16071,9070,C++
ComfyUI,2023-01-17T03:15:56Z,68132,1294,37,4613,2664,Python
redis,2009-03-21T22:32:25Z,68067,6836,78,6626,4546,C
devops-exercises,2019-10-03T17:31:21Z,67994,386,0,92,60,Python
syncthing,2013-11-26T09:48:21Z,67800,4304,396,5588,5217,Go
gpt_academic,2023-03-20T09:05:13Z,67641,342,32,1702,1464,Python
awesome-machine-learning,2014-07-15T19:11:19Z,67021,915,0,91,91,Python
awesome-react,2014-08-06T05:31:44Z,66909,1313,0,108,107,N/A
protobuf,2014-08-26T15:52:15Z,66670,13787,180,6432,6229,C++
grafana,2013-12-11T15:59:56Z,66597,59219,495,38983,35106,TypeScript
express,2009-06-26T18:56:01Z,66361,1833,159,3934,3833,JavaScript
Best-websites-a-programmer-should-visit,2017-03-05T20:25:17Z,66064,1807,0,170,101,N/A
d2l-zh,2017-08-23T04:40:24Z,65989,1363,16,0,0,Python
cpython,2017-02-10T19:23:51Z,65421,58472,0,71148,63928,Python
Chart.js,2013-03-17T23:56:36Z,65375,3849,114,7230,6788,JavaScript
strapi,2015-09-30T15:34:48Z,65164,11200,443,10485,9593,TypeScript
webpack,2012-03-10T10:08:14Z,65051,7211,421,10002,9878,JavaScript
Ventoy,2020-03-10T15:19:19Z,65016,493,102,2380,1575,C
uptime-kuma,2021-07-03T01:02:42Z,64836,1691,109,3890,3177,JavaScript
tesseract,2014-08-12T18:04:59Z,64771,1651,33,2681,2273,C++
33-js-concepts,2018-09-04T13:27:04Z,64689,459,0,102,81,JavaScript
superset,2015-07-21T18:55:34Z,64602,17840,219,11104,10343,TypeScript
ansible,2012-03-06T14:58:02Z,64114,51693,131,32728,32187,Python
interviews,2017-02-14T18:19:25Z,63944,174,0,53,23,Java
gpt4free,2023-03-29T17:00:43Z,63639,906,249,1603,1547,Python
javascript-questions,2019-06-12T08:26:27Z,63440,542,0,245,233,N/A
PayloadsAllTheThings,2016-10-18T07:29:07Z,63346,675,4,0,0,Python
imgui,2014-07-21T14:29:47Z,63340,1465,108,6215,5266,C++
the-algorithm,2023-03-27T14:57:57Z,62939,539,0,988,723,Scala
keras,2015-03-28T00:35:42Z,62597,7836,73,12353,12134,Python
sherlock,2018-12-24T14:30:48Z,62587,1181,1,1018,945,Python
sway,2021-01-19T20:54:33Z,62453,3718,162,3185,2352,Rust
obs-studio,2013-10-01T02:40:31Z,62392,7083,214,4322,3748,C
n8n,2019-06-22T09:24:21Z,62283,10830,291,2590,2162,TypeScript
resume.github.com,2011-02-06T13:39:55Z,62257,184,0,119,64,JavaScript
awesome-public-datasets,2014-11-20T06:20:50Z,62096,347,1,118,48,N/A
tabby,2016-12-23T09:06:10Z,62029,3994,195,5416,3298,TypeScript
awesome-cpp,2014-07-17T08:51:11Z,61971,1025,0,576,232,N/A
openai-cookbook,2022-03-11T02:08:53Z,61963,997,0,515,482,MDX
echarts,2013-04-03T03:18:59Z,61950,1918,118,18762,16729,TypeScript
caddy,2015-01-13T19:45:03Z,61817,2501,123,4140,4006,Go
socket.io,2010-03-11T18:24:48Z,61651,875,75,3585,3416,TypeScript
nocode,2018-02-06T23:54:00Z,61585,628,1,4738,693,Dockerfile
scikit-learn,2010-08-17T09:43:38Z,61203,18406,45,11390,9826,Python
redux,2015-05-29T23:53:15Z,61069,2570,78,2052,2016,TypeScript
SecLists,2012-02-19T01:30:18Z,60923,834,27,276,274,PHP
Java,2016-07-16T10:21:02Z,60907,4811,0,1073,1070,Java
AppFlowy,2021-06-16T12:56:48Z,60838,3931,98,3303,2408,Dart
Apollo-11,2014-04-03T15:45:02Z,60620,528,0,381,324,Assembly
awesome-scalability,2017-12-27T03:46:40Z,60567,96,0,0,0,N/A
cs-self-learning,2021-10-20T13:43:42Z,60517,337,4,190,98,HTML
atom,2012-01-20T18:18:21Z,60338,5280,538,17112,16149,JavaScript
lodash,2012-04-07T04:11:46Z,60171,1430,2,4292,4224,JavaScript
architect-awesome,2018-04-06T13:30:58Z,60020,81,0,71,22,N/A
Front-end-Developer-Interview-Questions,2012-02-09T23:34:10Z,59991,710,0,176,142,Nunjucks
design-resources-for-developers,2020-05-06T14:40:35Z,59966,1359,0,100,100,N/A
markdown-here,2012-05-13T03:27:22Z,59806,88,14,624,319,JavaScript
awesome-nodejs,2014-07-11T13:35:34Z,59678,1127,0,102,100,N/A
jquery,2009-04-03T15:20:14Z,59406,3074,10,2346,2267,JavaScript
awesome-courses,2014-11-15T18:36:49Z,59091,267,0,80,39,N/A
new-pac,2016-03-23T08:43:36Z,58792,5,0,1704,1284,Python
angular.js,2010-01-06T00:34:37Z,58762,7995,0,9038,8647,JavaScript
annotated_deep_learning_paper_implementations,2020-08-25T02:29:34Z,58713,125,0,135,105,Python
immich,2022-02-03T15:56:27Z,58676,6395,233,4810,4370,TypeScript
shadowsocks-windows,2013-01-14T07:54:16Z,58617,507,55,2922,2743,C#
docusaurus,2017-06-20T16:13:53Z,58447,6331,149,3202,2917,TypeScript
open-interpreter,2023-07-14T07:10:44Z,58423,570,48,1001,792,Python
act,2019-01-02T19:53:43Z,57933,1237,82,1210,1015,Go
localsend,2022-12-16T00:46:07Z,57920,731,24,1190,599,Dart
fuel-core,2020-08-27T21:12:14Z,57793,1666,113,1011,866,Rust
localstack,2016-10-25T23:48:03Z,57793,6394,88,5828,5561,Python
alacritty,2016-02-18T05:02:30Z,57740,2428,101,5999,5682,Rust
llama,2023-02-14T09:29:12Z,57690,197,0,1068,647,Python
spring-framework,2010-12-08T04:04:45Z,57376,5123,324,26456,26195,Java
prometheus,2012-11-24T11:14:12Z,57358,9531,327,5922,5394,Go
lazygit,2018-05-19T00:53:06Z,56871,1807,158,2106,1367,Go
html5-boilerplate,2010-01-24T18:03:24Z,56792,1768,34,1349,1343,JavaScript
rustlings,2015-09-15T02:25:18Z,56508,1483,45,701,667,Rust
rails,2008-04-11T02:19:47Z,56500,36169,145,17986,17477,Ruby
nerd-fonts,2014-12-05T04:31:17Z,56467,603,37,1033,1018,CSS
nuxt,2016-10-26T11:18:47Z,56209,7257,234,15894,15056,TypeScript
lobe-chat,2023-05-21T07:19:12Z,56000,2364,1000,3165,2636,TypeScript
gatsby,2015-05-21T22:43:05Z,55743,22287,149,14088,13881,JavaScript
DeepLearning-500-questions,2018-06-27T06:36:45Z,55421,344,0,191,81,JavaScript
private-gpt,2023-05-02T09:15:31Z,55281,474,10,1200,961,Python
leetcode,2018-03-30T09:13:51Z,55053,315,40,257,248,JavaScript
you-get,2012-08-20T15:53:36Z,55008,1081,123,0,0,Python
awesome-flutter,2017-05-07T11:45:27Z,54848,949,0,0,0,Dart
zed,2021-02-20T03:01:06Z,54640,12289,728,10953,8097,Rust
ghidra,2019-03-01T03:27:48Z,54381,1440,42,5317,3829,Java
awesome-chatgpt-prompts-zh,2022-12-12T01:55:03Z,54298,60,0,96,58,N/A
scrapy,2010-02-22T02:01:14Z,54269,3525,39,3089,2653,Python
element,2016-09-03T06:19:26Z,54187,5155,145,17809,15250,Vue
face_recognition,2017-03-03T21:52:39Z,54186,235,2,1353,594,Python
react-router,2014-05-16T22:22:51Z,54111,3990,293,7827,7624,TypeScript
leetcode-master,2019-12-14T12:05:42Z,54067,2642,0,249,64,Shell
tldr,2013-12-08T07:34:43Z,53731,14224,5,1415,1238,Markdown
ChatGPT,2022-12-07T09:43:02Z,53627,169,34,1129,350,Rust
git,2008-07-23T14:21:26Z,53601,1631,0,0,0,C
Real-Time-Voice-Cloning,2019-05-26T08:56:15Z,53574,142,0,1088,890,Python
Prompt-Engineering-Guide,2022-12-16T16:04:50Z,53543,392,0,207,70,MDX
traefik,2015-09-13T19:04:02Z,53347,5319,459,6156,5538,Go
faceswap,2017-12-19T09:44:13Z,53314,526,4,873,844,Python
gpt-engineer,2023-04-29T12:52:15Z,53157,613,20,488,469,Python
normalize.css,2011-05-04T10:20:25Z,52802,396,0,512,461,CSS
weekly,2018-10-13T12:36:07Z,52631,126,0,5873,936,N/A
drawio-desktop,2017-05-25T20:58:42Z,52621,38,150,1529,1447,JavaScript
openpilot,2016-11-24T01:33:30Z,52616,14501,55,2885,2774,Python
requests,2011-02-13T18:38:17Z,52540,2581,12,4011,3822,Python
yolov5,2020-05-18T03:45:11Z,52494,2808,10,9361,9159,Python
mkcert,2018-06-25T05:33:03Z,52379,165,14,340,239,Go
nocodb,2017-10-29T18:51:48Z,52184,5035,162,3808,3197,TypeScript
Stirling-PDF,2023-01-27T18:22:42Z,51682,1757,112,1106,910,Java
hackingtool,2020-04-11T09:21:31Z,51648,131,0,364,318,Python
awesome-android-ui,2014-12-24T01:45:03Z,51603,235,0,109,93,N/A
ionic-framework,2013-08-20T23:06:02Z,51470,7987,889,21908,21373,TypeScript
bat,2018-04-21T10:52:23Z,51230,1664,41,1451,1153,Rust
Semantic-UI,2013-04-08T23:32:04Z,51152,883,154,6233,5266,JavaScript
material-design-icons,2014-10-08T18:01:28Z,51141,172,16,1484,1145,N/A
project-layout,2017-09-09T16:33:26Z,51112,148,0,110,44,Makefile
Magisk,2016-09-08T12:42:53Z,51040,2520,143,6031,6000,C++
anime,2016-03-13T21:37:45Z,50912,163,15,720,509,JavaScript
rich,2019-11-10T15:28:09Z,50855,1204,168,1364,1168,Python
guava,2014-05-29T16:23:17Z,50539,2685,48,3600,2970,Java
pi-hole,2014-06-08T15:02:55Z,50506,2657,111,2920,2888,Shell
ripgrep,2016-03-11T02:02:33Z,50457,867,72,1660,1543,Rust
zustand,2019-04-09T09:10:06Z,50411,915,92,686,683,TypeScript
minio,2015-01-14T19:23:58Z,50318,10974,510,7621,7597,Go
grok-1,2024-03-17T08:53:38Z,50097,72,0,220,140,Python
kotlin,2012-02-13T17:29:58Z,50052,5367,248,0,0,Kotlin
prettier,2016-11-29T17:13:37Z,50003,10030,123,6787,5599,JavaScript
uBlock,2015-04-01T17:51:11Z,49855,404,273,3445,3433,JavaScript
pdf.js,2011-04-26T06:32:03Z,49798,9024,70,10086,9701,JavaScript
Docker-OSX,2020-06-04T11:01:37Z,49761,133,0,646,275,Shell
github-cheat-sheet,2014-04-12T16:38:42Z,49641,174,0,70,48,N/A
jekyll,2008-10-20T06:29:03Z,49639,4535,112,4871,4765,Ruby
bulma,2016-01-23T23:48:34Z,49593,1204,21,2694,2380,CSS
dive,2018-05-13T15:44:01Z,49589,224,26,337,167,Go
meilisearch,2018-04-23T11:45:28Z,49370,2260,240,2134,1950,Rust
astro,2021-03-15T17:19:47Z,49306,7765,1000,5190,5044,TypeScript
DefinitelyTyped,2012-10-05T16:39:45Z,49246,60794,1,8078,7514,TypeScript
langflow,2023-02-08T22:28:03Z,49045,4367,249,1972,1668,Python
rclone,2014-03-16T16:19:57Z,48983,2713,108,5619,4680,Go
segment-anything,2023-03-23T17:03:03Z,48977,120,0,686,172,Jupyter Notebook
core,2018-06-12T13:49:36Z,48886,5115,238,5525,4876,TypeScript
awesome-rust,2014-07-17T10:45:10Z,48804,1739,0,136,126,Rust
trackerslist,2016-04-24T11:57:57Z,48754,59,0,463,456,N/A
chinese-poetry,2016-09-02T03:32:25Z,48722,167,1,205,91,JavaScript
marktext,2017-11-12T16:05:25Z,48616,1073,36,2837,1629,JavaScript
Ghost,2013-05-04T11:09:13Z,48475,15149,845,6997,6952,JavaScript
etcd,2013-07-06T21:57:21Z,48458,12181,243,6797,6510,Go
go-ethereum,2013-12-26T13:05:46Z,48434,11275,207,8238,8048,Go
awesome-ios,2014-07-10T16:03:45Z,48270,2702,0,485,485,Swift
cypress,2015-03-04T00:46:28Z,48253,8205,358,14785,13394,TypeScript
moment,2011-03-01T02:46:06Z,48073,2085,0,4137,3905,JavaScript
clash-verge-rev,2023-11-21T18:24:03Z,48058,191,42,2414,2232,TypeScript
RxJava,2013-01-08T20:11:48Z,48025,3993,235,3167,3156,Java
powerlevel10k,2019-02-24T19:09:45Z,48009,262,33,2529,2446,Shell
hacker-scripts,2015-11-21T19:05:09Z,47997,145,0,87,52,JavaScript
FFmpeg,2011-04-14T14:12:38Z,47940,384,0,0,0,C
joplin,2017-01-16T21:49:41Z,47826,4991,369,6818,6341,TypeScript
mastodon,2016-02-22T15:01:25Z,47795,19905,262,11800,7903,Ruby
hiring-without-whiteboards,2017-03-15T05:09:01Z,47489,1464,0,0,0,JavaScript
dayjs,2018-04-10T09:26:44Z,47473,1100,119,1716,840,JavaScript
OpenHands,2024-03-13T03:33:31Z,47409,4499,42,2260,2014,Python
appwrite,2019-04-08T16:36:25Z,47342,4549,104,3837,3258,TypeScript
professional-programming,2015-11-07T05:07:52Z,47340,62,0,28,28,Python
gitea,2016-11-01T02:13:26Z,47236,19258,205,14176,11630,Go
starship,2019-04-02T03:23:12Z,47180,3468,134,2380,1722,Rust
ImHex,2020-11-10T14:27:00Z,47171,696,76,1276,1070,C++
MetaGPT,2023-06-30T09:04:55Z,47167,919,21,769,716,Python
algorithm-visualizer,2016-05-15T00:27:45Z,47153,255,0,114,75,JavaScript
big-list-of-naughty-strings,2015-08-08T20:57:20Z,46973,161,0,101,32,Python
first-contributions,2016-09-20T14:35:09Z,46964,93452,0,857,830,N/A
llm-course,2023-06-17T22:16:25Z,46849,19,0,74,27,Jupyter Notebook
awesome-wechat-weapp,2016-09-22T20:04:48Z,46765,305,0,0,0,N/A
Motrix,2018-12-18T11:45:05Z,46720,280,21,1325,589,JavaScript
PaddleOCR,2020-05-08T10:38:16Z,46651,3238,16,9444,9417,Python
serverless,2015-04-21T03:48:40Z,46596,5670,431,6447,5319,JavaScript
PowerShell,2016-01-13T23:41:35Z,46531,9028,181,12695,11705,C#
alist,2020-12-23T17:40:29Z,46523,953,124,3974,3612,Go
100-Days-Of-ML-Code,2018-07-05T09:11:43Z,46463,58,0,0,0,N/A
julia,2011-04-21T07:01:50Z,46456,31176,171,24711,20719,Julia
okhttp,2012-07-23T13:42:55Z,46155,4390,0,4115,3970,Kotlin
design-patterns-for-humans,2017-02-16T21:24:39Z,45984,87,0,52,47,N/A
react,2018-06-02T04:08:16Z,45949,499,0,216,212,JavaScript
learn-regex,2017-07-22T12:21:03Z,45899,179,0,86,35,N/A
AFFiNE,2022-07-31T18:45:21Z,45896,7243,423,2441,2098,TypeScript
Projects,2013-07-04T13:37:27Z,45802,119,0,74,33,N/A
v2ray-core,2015-09-04T11:42:53Z,45777,625,247,2584,2576,Go
gogs,2014-02-12T01:57:08Z,45510,2352,82,5117,4216,Go
x64dbg,2015-04-11T20:48:23Z,45462,864,2,2541,1918,C++
huginn,2013-03-10T06:00:31Z,44980,1328,1,2154,1568,Ruby
architecture-samples,2016-02-05T13:42:07Z,44784,493,0,480,346,Kotlin
30-Days-Of-Python,2019-11-19T17:24:16Z,44689,394,0,128,75,Python
quill,2012-07-30T23:23:18Z,44675,782,95,3708,3262,TypeScript
pandas,2010-08-24T01:37:33Z,44660,33727,109,27214,23598,Python
meteor,2012-01-19T01:58:17Z,44571,4198,0,9153,8879,JavaScript
pixijs,2013-01-21T22:40:50Z,44571,4473,283,5836,5461,TypeScript
jest,2013-12-10T00:18:04Z,44536,7413,203,7991,7719,TypeScript
json,2013-07-04T08:47:49Z,44485,1170,44,2283,2233,C++
type-challenges,2020-07-23T14:33:11Z,44457,744,0,34993,3643,TypeScript
AdminLTE,2013-12-25T02:52:40Z,44356,2716,75,2863,2734,Astro
terraform,2014-03-13T22:25:48Z,44223,14927,349,21259,19450,Go
Deep-Live-Cam,2023-09-24T13:19:31Z,44085,142,4,643,632,Python
open-source-ios-apps,2015-01-26T23:32:34Z,44012,1388,37,300,300,N/A
30-Days-Of-JavaScript,2019-12-23T14:07:40Z,43981,654,0,168,59,JavaScript
PythonDataScienceHandbook,2016-08-10T14:24:36Z,43925,208,0,199,78,Jupyter Notebook
query,2019-09-10T19:23:58Z,43909,3006,1000,2030,1981,TypeScript
fuels-ts,2021-09-03T18:11:03Z,43899,2282,143,1400,1315,TypeScript
fuels-rs,2021-10-31T22:33:54Z,43889,960,110,634,551,Rust
pocketbase,2022-07-05T06:06:21Z,43883,249,195,1719,1699,Go
hyper,2016-07-01T06:01:21Z,43731,4144,88,3787,2868,TypeScript
parcel,2017-08-07T16:36:47Z,43671,3349,39,5417,4902,JavaScript
htmx,2020-04-13T16:17:51Z,43652,1321,24,1487,930,JavaScript
zx,2021-05-05T05:50:01Z,43625,506,79,465,453,JavaScript
awesome-react-components,2016-06-24T15:19:33Z,43616,392,0,51,44,N/A
TensorFlow-Examples,2015-11-11T14:21:19Z,43539,172,0,236,70,Jupyter Notebook
build-web-application-with-golang,2012-08-02T11:49:35Z,43440,899,0,303,182,Go
babel,2014-09-28T13:38:23Z,43424,7403,426,8919,8287,TypeScript
Fooocus,2023-08-09T18:43:40Z,43367,679,21,1566,1366,Python
retrofit,2010-09-06T21:39:43Z,43326,1460,2,2731,2608,HTML
CppCoreGuidelines,2015-08-19T20:22:52Z,43308,1043,4,1196,951,CSS
discourse,2013-01-12T00:25:55Z,43294,30896,0,0,0,Ruby
frontend-dev-bookmarks,2013-06-22T13:23:55Z,43254,337,1,107,82,N/A
jadx,2013-03-18T17:08:21Z,42909,600,30,1797,1388,Java
open-source-mac-os-apps,2017-11-03T02:35:33Z,42853,694,0,206,158,N/A
awesome-java,2014-07-09T10:12:43Z,42836,975,0,135,133,N/A
text-generation-webui,2022-12-21T04:17:37Z,42601,1788,58,3798,3586,Python
brew,2016-03-06T05:08:38Z,42596,13860,411,4626,4552,Ruby
react-use,2018-10-27T10:16:05Z,42552,2031,256,587,244,TypeScript
grpc,2014-12-08T18:58:53Z,42491,26924,338,11599,10925,C++
react-hook-form,2019-03-05T23:47:10Z,42487,2482,564,4642,4605,TypeScript
lx-music-desktop,2019-08-14T14:31:08Z,42429,154,109,1998,1183,TypeScript
kubernetes-the-hard-way,2016-07-07T14:15:27Z,42409,426,0,421,300,N/A
front-end-interview-handbook,2018-01-13T19:40:08Z,42383,360,0,100,87,MDX
lazydocker,2019-05-18T08:53:50Z,42142,265,42,342,185,Go
Leaflet,2010-09-22T16:57:44Z,42113,4167,31,5219,4804,JavaScript
Rocket.Chat,2015-05-19T07:36:09Z,42017,17731,1000,16133,13606,TypeScript
git-flight-rules,2014-07-22T20:35:09Z,42009,291,0,73,55,N/A
vaultwarden,2018-02-17T22:40:20Z,41988,1075,69,2207,2196,Rust
pm2,2013-05-21T03:25:25Z,41935,900,124,5037,4073,JavaScript
dbeaver,2015-10-21T08:26:28Z,41863,6364,218,18453,15615,Java
Alamofire,2014-07-31T05:56:19Z,41696,1117,102,2780,2743,Swift
awesome-cheatsheets,2017-11-09T02:47:15Z,41691,312,0,92,57,JavaScript
edex-ui,2017-01-28T09:35:02Z,41624,475,29,559,553,JavaScript
JeecgBoot,2018-11-26T10:40:00Z,41606,317,53,6793,6756,Java
monaco-editor,2016-06-07T16:56:31Z,41502,637,91,3751,3134,JavaScript
yarn,2016-01-19T17:39:16Z,41501,2359,152,6597,4730,JavaScript
LLaMA-Factory,2023-05-28T10:09:12Z,41437,578,32,5983,5692,Python
awesome-design-patterns,2018-06-04T17:47:48Z,41347,54,0,15,5,N/A
acme.sh,2015-12-26T12:56:33Z,41263,2151,44,3182,2171,Shell
prisma,2019-06-20T13:33:47Z,41246,8303,209,10881,8677,TypeScript
FreeDomain,2024-05-30T13:23:00Z,41143,11,0,0,0,HTML
reactjs-interview-questions,2018-05-31T17:17:01Z,41091,238,0,107,101,JavaScript
vue2-elm,2016-12-23T01:49:20Z,41052,50,0,628,512,Vue
ChatGLM-6B,2023-03-13T12:00:18Z,41024,122,0,1305,749,Python
what-happens-when,2013-11-07T04:30:06Z,41009,2203,0,290,53,N/A
GPT-SoVITS,2024-01-14T18:05:21Z,40988,477,1,1515,808,Python
python-patterns,2012-06-06T21:02:35Z,40971,331,0,89,78,Python
metabase,2015-02-02T19:25:47Z,40927,32391,619,21673,17834,Clojure
uv,2023-10-02T20:24:11Z,40869,6362,157,5335,4109,Rust
pyenv,2012-08-31T06:57:52Z,40866,1143,120,1812,1747,Roff
odoo,2014-05-13T15:38:58Z,40771,179013,0,18040,15012,Python
dubbo,2012-06-19T07:56:02Z,40736,7719,107,7132,6339,Java
styled-components,2016-08-16T06:41:32Z,40678,1329,172,2924,2639,TypeScript
spark,2014-02-25T08:00:08Z,40587,50015,0,0,0,Scala
swiper,2012-03-14T19:11:45Z,40561,865,81,5653,5484,JavaScript
nw.js,2012-01-04T06:21:10Z,40494,842,0,7360,6430,JavaScript
uni-app,2018-07-12T08:52:39Z,40437,501,0,4692,3638,JavaScript
LLMs-from-scratch,2023-07-23T18:15:57Z,40386,314,0,120,120,Jupyter Notebook
diagrams,2020-02-02T15:23:24Z,40323,550,43,519,213,Python
ColossalAI,2021-10-28T16:19:44Z,40295,4276,48,1687,1280,Python
vuetify,2016-09-12T00:39:35Z,40244,5526,577,14469,13944,TypeScript
CPlusPlusThings,2019-07-14T08:45:45Z,40241,120,0,226,218,C++
kong,2014-11-17T23:56:08Z,40197,8563,144,4475,4420,Lua
maybe,2024-01-01T22:23:46Z,40188,1072,25,560,526,Ruby
stablediffusion,2022-11-23T23:59:50Z,40169,95,0,318,76,Python
ailearning,2017-02-25T08:53:02Z,40155,533,2,128,126,Python
sentry,2010-08-30T22:06:41Z,40078,69811,145,14616,12510,Python
hexo,2012-09-23T15:17:08Z,40006,1300,114,3965,3886,TypeScript
autogen,2023-08-18T11:43:45Z,39977,2622,75,2479,1965,Python
fastlane,2014-12-02T17:00:38Z,39912,7538,548,13085,12472,Ruby
black,2018-03-14T19:54:45Z,39740,1861,46,2670,2327,Python
nvm-windows,2014-09-20T16:37:28Z,39599,193,23,892,817,Go
nanoGPT,2022-12-28T00:51:12Z,39524,236,0,324,105,Python
cobra,2013-09-03T20:40:26Z,39488,1047,24,1180,971,Go
iina,2016-12-19T07:18:45Z,39474,1183,44,4034,2305,Swift
fanqiang,2015-01-14T00:34:25Z,39225,11,3,779,458,Kotlin
termux-app,2015-10-23T09:42:46Z,39166,452,91,2765,2407,Java
llama_index,2022-11-02T04:24:54Z,39154,6725,360,5905,5244,Python
ClickHouse,2016-06-02T08:28:18Z,39135,53004,626,22818,19009,C++
ragflow,2023-12-12T06:13:13Z,39061,2424,21,2564,1486,TypeScript
cheat.sh,2017-05-07T21:40:56Z,38977,160,0,251,131,Python
tldraw,2021-05-09T11:48:37Z,38947,3325,59,1439,1163,TypeScript
vllm,2023-02-09T11:23:20Z,38910,6509,50,6664,5374,Python
airflow,2015-04-13T18:04:58Z,38893,31327,93,10760,9648,Python
materialize,2014-09-12T19:35:38Z,38867,1443,41,5223,4599,JavaScript
Deep-Learning-Papers-Reading-Roadmap,2016-10-14T11:49:48Z,38781,93,0,55,5,Python
tabler,2018-02-01T09:08:59Z,38763,975,47,962,923,HTML
php-src,2011-06-16T01:52:25Z,38698,13882,7,3825,3051,C
bert,2018-10-25T22:57:34Z,38689,210,0,1144,354,Python
v2rayNG,2019-05-15T02:15:31Z,38615,618,227,3141,3130,Kotlin
chinese-independent-developer,2017-09-21T11:08:23Z,38591,302,0,162,161,N/A
esbuild,2016-06-14T16:08:50Z,38589,439,292,3613,3131,Go
chakra-ui,2019-08-17T14:27:54Z,38573,3640,1000,3973,3967,TypeScript
markitdown,2024-11-13T19:56:40Z,38455,148,3,177,37,HTML
video.js,2010-05-14T18:45:10Z,38447,3213,328,5332,4792,JavaScript
anything-llm,2023-06-04T02:29:14Z,38443,1097,11,2144,1925,JavaScript
wrk,2012-03-20T11:12:28Z,38440,131,0,405,262,C
cli,2019-10-03T15:24:53Z,38345,3145,156,4640,3932,Go
50projects50days,2020-11-16T14:39:01Z,38262,195,0,0,0,CSS
Made-With-ML,2018-11-05T03:44:27Z,38207,191,0,73,57,Jupyter Notebook
bevy,2020-01-18T21:13:55Z,38053,9957,35,6342,4241,Rust
mitmproxy,2010-02-16T04:10:13Z,38003,3111,72,3467,3145,Python
tidb,2015-09-06T04:01:52Z,37962,39447,205,20106,16360,Go
whisper.cpp,2022-09-25T18:26:37Z,37962,835,24,1529,714,C++
English-level-up-tips,2017-05-30T07:18:52Z,37958,38,0,99,72,HTML
TTS,2020-05-20T15:45:28Z,37905,752,98,1150,1140,Python
FastChat,2023-03-19T00:18:02Z,37885,1201,14,1863,1063,Python
styleguide,2015-05-20T19:18:59Z,37869,458,0,343,235,HTML
zju-icicles,2016-06-28T16:17:32Z,37852,261,0,78,68,HTML
typst,2019-09-24T21:41:56Z,37827,1930,21,2978,2236,Rust
MPAndroidChart,2014-04-25T14:29:47Z,37821,510,44,4957,2894,Java
impress.js,2011-12-28T22:23:19Z,37714,384,15,481,426,JavaScript
streamlit,2019-08-24T00:14:52Z,37694,5544,92,4828,3879,Python
coolify,2021-01-25T20:54:01Z,37601,1710,589,2292,1899,PHP
EasySpider,2020-07-18T02:41:27Z,37590,67,10,606,445,JavaScript
phaser,2013-04-12T12:27:51Z,37581,2408,164,4469,4398,JavaScript
gorm,2013-10-25T08:31:38Z,37568,1369,2,5881,5473,Go
expo,2016-08-15T17:14:25Z,37547,18122,0,15719,15209,TypeScript
zig,2015-08-06T00:51:28Z,37543,10839,18,12050,8979,Zig
awesome-compose,2020-02-13T08:51:42Z,37517,419,0,123,40,HTML
vim,2015-08-18T21:03:56Z,37511,7981,0,8548,7086,Vim Script
WeChatMsg,2023-01-11T05:03:49Z,37453,90,33,448,387,Python
jellyfin,2018-12-09T06:36:45Z,37374,5525,85,6769,6353,C#
quivr,2023-05-12T23:53:30Z,37353,2036,354,1528,1499,Python
free,2020-06-07T02:48:33Z,37310,16,0,693,189,N/A
TrafficMonitor,2017-07-30T02:51:17Z,37267,79,26,1787,677,C++
Open-Assistant,2022-12-13T05:24:17Z,37241,1965,127,1643,1417,Python
freecodecamp.cn,2016-09-30T03:13:43Z,37181,73,0,585,445,CSS
memos,2021-12-08T15:30:18Z,37176,1814,75,2206,2186,Go
preact,2015-09-11T02:40:18Z,37170,2537,221,1857,1786,JavaScript
leveldb,2014-08-27T21:17:52Z,37122,416,21,771,535,C++
tutorials,2013-04-29T18:26:36Z,37026,17543,0,779,749,Java
bark,2023-04-07T19:34:48Z,37024,75,0,455,234,Jupyter Notebook
jsoncrack.com,2022-01-30T15:25:18Z,37005,155,20,244,213,TypeScript
shellcheck,2012-11-17T03:15:11Z,36966,379,29,2742,1671,Haskell
ultralytics,2022-09-11T16:39:45Z,36912,3760,152,10405,9643,Python
curl,2010-03-18T22:32:22Z,36906,10659,87,4901,4885,C
DeepSpeed,2020-01-23T18:35:18Z,36905,3191,87,2981,1978,Python
python-cheatsheet,2018-01-25T04:16:53Z,36882,108,0,66,61,Python
ant-design-pro,2017-08-25T10:40:44Z,36830,1480,26,9701,9515,TypeScript
awesome-remote-job,2015-01-02T00:31:34Z,36805,852,0,73,71,N/A
pure-bash-bible,2018-06-13T01:39:33Z,36800,61,0,76,33,Shell
interview_internal_reference,2019-06-10T06:54:19Z,36797,45,0,46,18,Python
aria2,2010-11-27T09:41:48Z,36745,372,24,1872,818,C++
freqtrade,2017-05-17T23:48:53Z,36614,6317,94,5022,4983,Python
penpot,2015-12-29T22:09:07Z,36572,3939,46,1714,1314,Clojure
tmux,2015-06-03T23:32:55Z,36572,690,37,3576,3528,C
istio,2016-11-18T23:57:21Z,36512,33846,373,20521,20042,Go
photoprism,2018-01-27T12:00:15Z,36512,881,71,2259,1783,Go
GFPGAN,2021-03-19T06:18:20Z,36348,59,8,482,129,Python
novu,2021-08-26T15:22:44Z,36320,6029,40,1547,1322,TypeScript
gradio,2018-12-19T08:24:04Z,36302,4894,1000,5364,4905,Python
JavaFamily,2019-11-12T04:26:18Z,36294,15,0,63,60,N/A
Summer2025-Internships,2020-05-23T20:53:18Z,36262,1942,0,2844,2841,N/A
OpenBB,2020-12-20T10:46:38Z,36230,4618,42,2205,2169,Python
Files,2019-01-04T18:19:14Z,36147,6001,123,10295,9825,C#
AI-For-Beginners,2021-03-03T16:27:36Z,36142,274,0,124,101,Jupyter Notebook
manifesto,2023-08-13T16:17:24Z,36125,1128,0,26,13,HTML
aspnetcore,2014-03-11T06:09:42Z,36122,19568,243,36116,32684,C#
GitHubDaily,2018-12-30T13:56:58Z,36109,20,0,484,170,N/A
trpc,2020-07-18T01:17:11Z,36104,4445,200,1188,1081,TypeScript
taro,2018-04-08T09:32:26Z,36099,4526,186,11953,10526,TypeScript
v,2019-02-08T02:57:06Z,36098,13070,246,9127,8166,V
deeplearningbook-chinese,2016-12-07T11:46:51Z,36072,34,7,202,138,TeX
ruff,2022-08-09T17:17:44Z,36047,9735,348,6197,4951,Rust
tesseract.js,2015-06-24T02:49:52Z,36037,256,55,714,680,JavaScript
wtfpython,2017-08-28T20:22:19Z,36033,141,2,216,142,Python
helix,2020-06-01T04:26:56Z,36007,5314,28,4902,4193,Rust
arthas,2018-08-29T17:15:57Z,35997,844,58,2053,1693,Java
pandoc,2010-03-20T20:34:23Z,35957,2117,143,7783,6753,Haskell
wtfjs,2017-07-14T15:42:12Z,35956,195,25,115,96,JavaScript
og-aws,2016-07-13T17:30:16Z,35891,590,0,227,87,Shell
DragGAN,2023-05-18T10:08:02Z,35860,32,0,190,46,Python
lerna,2015-12-04T09:36:55Z,35842,1376,240,2654,2268,TypeScript
MockingBird,2021-08-07T03:53:39Z,35820,99,1,886,411,Python
devdocs,2013-10-24T18:16:07Z,35778,1190,0,1198,1017,Ruby
appsmith,2020-06-30T04:07:36Z,35746,16608,267,22620,18481,TypeScript
insomnia,2016-04-23T03:54:26Z,35709,3785,495,3725,3072,JavaScript
zod,2020-03-07T20:59:08Z,35709,905,92,2069,1585,TypeScript
fd,2017-05-09T21:27:10Z,35666,737,40,877,770,Rust
ray,2016-10-25T19:38:30Z,35571,31023,100,19492,15756,Python
daisyui,2020-11-28T22:57:27Z,35549,461,53,1706,1583,Svelte
shadowsocks-android,2012-12-16T13:40:29Z,35488,392,185,2502,2460,Kotlin
googletest,2015-07-28T15:07:53Z,35481,2059,10,2278,1971,C++
hello-algorithm,2020-05-29T05:47:09Z,35477,31,0,44,32,Java
interview,2018-02-09T09:49:48Z,35464,51,0,64,40,C++
gym,2016-04-27T14:59:16Z,35446,1458,19,1838,1726,Python
spotube,2021-02-14T03:17:58Z,35424,354,37,1548,971,Dart
Flowise,2023-03-31T12:23:09Z,35419,1393,62,1732,1274,TypeScript
sheetjs,2012-12-03T19:25:52Z,35405,324,0,2385,2267,N/A
fullPage.js,2013-09-20T11:58:29Z,35389,531,101,4113,3978,JavaScript
koa,2013-07-20T18:53:45Z,35353,875,2,911,894,JavaScript
date-fns,2014-10-06T10:24:22Z,35340,1695,122,1956,1357,TypeScript
RSSHub,2018-04-02T14:43:21Z,35336,12370,0,5789,5455,TypeScript
lottie-android,2016-10-06T22:42:42Z,35203,810,55,1750,1726,Java
nativefier,2015-07-05T05:56:42Z,35086,332,99,1238,982,TypeScript
fiber,2020-01-16T03:59:20Z,35085,1794,124,1486,1390,Go
upscayl,2022-07-30T17:19:20Z,35059,117,29,859,807,TypeScript
logseq,2020-05-23T00:06:06Z,35037,3373,147,7767,6364,Clojure
Awesome-Design-Tools,2019-02-12T13:55:30Z,35013,395,0,41,25,JavaScript
slidev,2021-04-24T01:25:23Z,35004,736,381,1132,1046,TypeScript
955.WLB,2019-03-27T23:53:37Z,34995,62,0,262,82,N/A
lapce,2018-02-06T08:41:06Z,34992,1583,31,1943,1164,Rust
hackathon-starter,2013-11-13T17:24:12Z,34986,641,16,660,651,JavaScript
Pake,2022-10-14T09:32:57Z,34973,171,31,351,318,Rust
google-research,2018-10-04T18:42:48Z,34967,895,0,1284,335,Jupyter Notebook
awesome-react-native,2015-03-26T19:58:06Z,34940,1062,0,72,35,JavaScript
carbon,2017-06-16T02:50:28Z,34910,830,215,678,627,JavaScript
typeorm,2016-02-29T07:41:14Z,34905,3018,32,8275,5868,TypeScript
chatgpt-on-wechat,2022-08-07T08:33:41Z,34899,449,61,1937,1652,Python
metasploit-framework,2011-08-30T06:13:20Z,34873,13258,0,6156,5736,Ruby
cli,2012-02-25T12:39:13Z,34851,621,47,881,718,Python
halo,2018-03-21T12:56:52Z,34796,2644,208,4129,3783,Java
ToolJet,2021-03-30T08:51:34Z,34789,7147,283,4680,4014,JavaScript
glide,2013-07-08T22:52:33Z,34787,962,47,4459,3918,Java
compose,2013-12-09T11:40:58Z,34781,4509,247,7861,7773,Go
the-way-to-go_ZH_CN,2013-03-24T17:18:38Z,34742,710,0,0,0,Go
ccxt,2017-05-14T15:41:56Z,34717,14612,137,10575,9660,Python
ChatTTS,2024-05-27T18:26:49Z,34611,258,5,609,544,Python
system-design,2022-08-15T18:59:54Z,34567,30,0,21,20,N/A
vim-plug,2013-09-10T14:58:51Z,34554,261,8,1027,958,Vim Script
TaskMatrix,2023-03-02T09:04:28Z,34541,115,0,356,136,Python
HanLP,2014-10-09T06:36:16Z,34456,136,62,1425,1417,Python
node-v0.x-archive,2009-05-27T16:29:46Z,34413,3796,0,6379,6379,N/A
caffe,2013-09-12T18:39:48Z,34238,2245,14,4799,3899,C++
cal.com,2021-03-22T13:47:42Z,34169,11683,389,7204,6314,TypeScript
formik,2017-06-14T19:50:59Z,34153,1345,196,2253,1556,TypeScript
clipboard.js,2015-09-18T23:04:55Z,34110,230,42,626,616,JavaScript
12306,2017-05-17T12:23:40Z,34012,146,1,691,466,Python
awesome-javascript,2014-07-01T15:59:02Z,33995,812,0,91,87,N/A
nushell,2019-05-10T16:59:42Z,33963,8265,104,6126,4681,Rust
gold-miner,2015-11-04T03:29:13Z,33954,3933,0,5596,5591,N/A
spacedrive,2021-09-27T05:09:04Z,33918,2073,25,498,387,TypeScript
marked,2011-07-24T13:15:51Z,33914,1921,146,1561,1545,TypeScript
REKCARC-TSC-UHT,2019-04-05T03:31:23Z,33878,176,0,31,30,HTML
netty,2010-11-09T09:22:21Z,33812,8056,0,6563,5981,Java
awesome-shell,2014-07-07T01:57:42Z,33787,468,0,57,22,N/A
jieba,2012-09-29T07:52:01Z,33715,167,9,853,227,Python
react-beautiful-dnd,2017-08-09T03:37:15Z,33675,976,68,1613,1044,JavaScript
Langchain-Chatchat,2023-03-31T12:12:45Z,33617,863,31,4043,3832,TypeScript
shadowsocks,2012-04-20T13:10:49Z,33600,163,2,0,0,Python
AndroidUtilCode,2016-07-30T18:18:32Z,33457,218,117,1580,1278,Java
spring-boot-demo,2017-11-10T06:27:29Z,33400,92,0,169,73,Java
sqlmap,2012-06-26T09:52:15Z,33380,412,10,5286,5236,Python
AFNetworking,2011-05-31T21:28:44Z,33354,1517,40,0,0,Objective-C
LeetCode-Go,2017-07-18T00:06:14Z,33342,205,4,79,63,Go
pytorch-image-models,2019-02-02T05:51:12Z,33243,594,64,955,907,Python
brackets,2011-12-07T21:14:40Z,33235,5602,69,9683,7066,JavaScript
node,2024-05-13T23:20:40Z,33209,32,2,14,9,Shell
faiss,2017-02-07T16:07:05Z,33166,1372,18,2574,2349,C++
XX-Net,2015-01-15T09:35:51Z,33166,485,388,13314,5413,Python
framework,2013-01-10T21:27:28Z,33166,31792,801,18541,18523,PHP
docs,2024-05-07T16:49:36Z,33163,326,0,27,13,MDX
windows,2024-01-14T13:09:40Z,33161,378,81,655,565,Shell
husky,2014-06-23T12:14:21Z,33130,452,80,1070,1012,JavaScript
easyexcel,2018-02-06T03:14:08Z,33109,458,14,3576,3113,Java
gulp,2013-07-04T05:26:06Z,33090,680,23,1934,1906,JavaScript
fastify,2016-09-28T19:10:14Z,33081,3551,290,2037,1976,JavaScript
zxing,2011-10-12T14:07:27Z,33078,504,31,1297,1290,Java
leetcode,2018-09-16T14:03:03Z,33044,3891,21,50,48,Java
solid,2018-04-24T16:36:27Z,33043,474,35,1049,951,TypeScript
immutable-js,2014-07-02T06:02:29Z,33023,798,85,1250,1147,TypeScript
ink-kit,2024-11-04T16:32:17Z,33013,98,0,3,0,TypeScript
NewPipe,2015-09-03T23:39:26Z,32989,2211,135,9285,8109,Java
Coursera-ML-AndrewNg-Notes,2017-11-04T10:04:08Z,32953,36,0,68,15,HTML
AgentGPT,2023-04-07T02:29:19Z,32938,1066,12,461,337,TypeScript
JavaScript,2017-07-13T06:12:33Z,32890,1535,0,203,196,JavaScript
linux-command,2016-11-12T15:44:26Z,32825,433,30,194,123,Markdown
ijkplayer,2013-06-03T04:12:04Z,32749,229,0,5361,2540,C
payload,2021-01-05T18:49:45Z,32679,5828,486,3154,2898,TypeScript
carbon-lang,2020-04-27T21:45:16Z,32643,4047,230,624,511,C++
ShadowsocksX-NG,2016-06-10T11:49:00Z,32638,119,30,1356,1048,Swift
poetry,2018-02-28T15:23:47Z,32632,3097,139,6077,5615,Python
milvus,2019-09-16T06:43:43Z,32623,24536,107,12781,12159,Go
Python,2011-11-30T09:04:08Z,32575,2065,0,441,140,Python
legado,2019-05-22T04:18:58Z,32511,1419,115,2633,2561,Kotlin
engineering-blogs,2015-06-13T18:25:17Z,32509,1070,0,96,74,Ruby
plane,2022-11-19T12:55:01Z,32499,5399,39,1116,699,TypeScript
harness,2014-02-07T07:54:44Z,32467,1525,50,1991,1920,Go
awesome-awesomeness,2014-07-08T05:44:19Z,32386,417,0,68,52,Ruby
gpt-pilot,2023-08-16T11:56:07Z,32385,493,0,544,301,Python
zsh-autosuggestions,2013-10-26T16:09:37Z,32294,215,0,603,453,Shell
material-design-lite,2015-01-14T22:01:33Z,32293,1198,14,2189,1812,HTML
portainer,2016-05-19T20:15:28Z,32065,5532,137,5772,5231,TypeScript
polars,2020-05-13T19:45:33Z,31980,11423,202,9908,7738,Rust
How-To-Ask-Questions-The-Smart-Way,2015-03-28T16:52:40Z,31954,109,0,27,20,JavaScript
certbot,2014-11-12T02:52:20Z,31948,4773,56,5376,5240,Python
openpose,2017-04-24T14:06:31Z,31912,261,15,1986,1663,C++
run,2022-04-10T05:42:40Z,31907,219,0,255,213,N/A
LLM101n,2024-05-27T00:23:38Z,31903,16,0,0,0,N/A
HEU_KMS_Activator,2019-06-23T00:49:35Z,31901,2,40,161,25,N/A
beego,2012-02-29T02:32:08Z,31861,2201,38,3356,3350,Go
chatgpt-web,2023-02-09T03:21:37Z,31838,338,43,1747,1747,Vue
vault,2015-02-25T00:15:59Z,31815,23266,156,6252,5177,Go
my-tv,2023-12-04T12:18:39Z,31790,22,72,912,774,C
chatbox,2023-03-06T12:22:15Z,31763,127,47,1800,1291,TypeScript
swc,2017-12-22T11:40:14Z,31716,5663,623,3729,3332,Rust
shardeum,2024-04-16T22:37:25Z,31709,265,0,36,23,TypeScript
mattermost,2015-06-15T06:50:02Z,31705,21099,716,8873,8222,TypeScript
android-open-project,2014-01-05T15:20:15Z,31676,308,0,85,74,N/A
selenium,2013-01-14T21:40:56Z,31636,4522,102,10647,10511,Java
modern-unix,2021-01-12T00:50:14Z,31630,60,0,81,30,N/A
AnotherRedisDesktopManager,2019-01-08T06:01:56Z,31596,222,53,1039,916,JavaScript
RevokeMsgPatcher,2019-07-21T15:12:52Z,31523,13,20,758,690,C#
ControlNet,2023-02-01T02:43:30Z,31514,43,0,564,138,Python
unsloth,2023-11-29T16:50:09Z,31497,384,11,1402,656,Python
jax,2018-10-25T21:25:02Z,31384,17674,118,5978,4477,Python
graphql-engine,2018-06-18T07:57:36Z,31365,3388,280,6333,4083,TypeScript
awesome-docker,2014-09-21T17:01:48Z,31349,1014,1,129,127,N/A
awesome-php,2013-11-26T03:14:19Z,31345,1143,0,152,150,N/A
bruno,2022-09-27T20:51:45Z,31313,1396,124,2384,1274,JavaScript
crawl4ai,2024-05-09T09:48:50Z,31305,106,0,474,413,Python
nps,2018-11-04T13:22:51Z,31285,108,59,1191,697,Go
detectron2,2019-09-05T21:30:20Z,31275,697,10,3537,3083,Python
C-Plus-Plus,2016-07-16T10:19:45Z,31273,2575,0,313,305,C++
yew,2017-12-16T14:19:02Z,31256,2228,35,1251,1128,Rust
jq,2012-07-18T19:57:25Z,31247,992,13,2231,1868,C
browser-use,2024-10-31T16:00:56Z,31128,382,36,363,132,Python
learnGitBranching,2012-08-13T22:36:09Z,31100,679,0,503,461,JavaScript
serenity,2018-12-02T19:28:41Z,31099,21423,0,4211,3497,C++
swr,2019-10-28T18:16:01Z,31062,955,118,936,808,TypeScript
rxjs,2015-03-15T06:17:10Z,31035,3906,2,3156,2937,TypeScript
fairseq,2017-08-29T16:26:12Z,31031,1361,16,4219,3055,Python
vimrc,2012-05-29T16:19:29Z,31029,252,0,516,510,Vim Script
OpenVoice,2023-11-29T12:17:01Z,31025,54,0,274,55,Python
llvm-project,2016-12-07T09:39:33Z,31018,46802,123,80763,55913,LLVM
html2canvas,2011-07-16T01:05:58Z,31001,499,45,2601,1657,TypeScript
remote-jobs,2015-10-13T03:49:25Z,30994,1675,0,179,159,JavaScript
spaCy,2014-07-03T15:15:40Z,30969,4036,127,5683,5524,Python
HowToLiveLonger,2022-04-16T04:15:18Z,30960,25,0,129,103,N/A
MS-DOS,2018-06-25T18:26:02Z,30959,373,0,0,0,Assembly
jQuery-File-Upload,2010-12-01T15:35:32Z,30952,374,0,3307,3258,PHP
ShareX,2013-10-08T23:32:10Z,30916,1113,80,6642,6053,C#
lottie-web,2015-02-20T21:02:59Z,30895,260,0,2881,2122,JavaScript
Blog,2017-03-13T10:04:33Z,30892,8,0,331,100,N/A
nacos,2018-06-15T06:49:27Z,30876,4154,76,8810,8575,Java
pnpm,2016-01-28T07:40:43Z,30844,3380,983,4533,2817,TypeScript
aseprite,2014-08-19T23:44:50Z,30834,878,114,4061,2376,C++
pytorch-tutorial,2017-03-10T07:41:47Z,30819,71,0,179,113,Python
remix,2020-10-26T19:57:28Z,30791,4665,155,2580,2305,TypeScript
cline,2024-07-06T07:28:10Z,30784,435,49,936,584,TypeScript
floating-ui,2016-03-29T17:00:47Z,30713,1335,467,1413,1381,TypeScript
etcher,2015-10-27T16:53:23Z,30665,2077,284,2305,1810,TypeScript
dotfiles,2011-09-05T18:07:54Z,30597,626,0,392,248,Shell
outline,2016-05-22T21:31:47Z,30591,3113,141,3139,3032,TypeScript
LocalAI,2023-03-18T22:58:02Z,30580,3648,69,941,538,Go
WxJava,2016-01-06T08:24:05Z,30570,1218,30,2271,2239,Java
p3c,2017-06-23T06:15:51Z,30565,137,0,858,698,Kotlin
cockroach,2014-02-06T00:18:47Z,30533,71055,0,70641,64726,Go
libpku,2018-11-22T13:33:06Z,30517,34,0,41,31,TeX
echo,2015-03-01T17:43:01Z,30503,1008,108,1435,1381,Go
v2ray-core,2019-04-15T10:05:54Z,30454,1272,100,1005,971,Go
union,2023-05-16T22:33:39Z,30450,2146,76,1649,1404,Rust
slate,2016-06-18T01:52:42Z,30391,2460,186,3156,2502,TypeScript
spring-boot-examples,2016-11-05T05:32:33Z,30380,53,0,108,99,Java
YesPlayMusic,2020-10-09T10:04:21Z,30370,409,31,1782,1188,Vue
linux-insides,2015-01-03T18:44:57Z,30351,664,0,185,152,Python
lede,2017-09-06T07:39:03Z,30349,3502,6,8929,8186,C
CyberChef,2016-11-28T10:34:07Z,30348,775,447,1009,602,JavaScript
rufus,2011-11-19T19:12:05Z,30339,218,81,2428,2420,C
mmdetection,2018-08-22T07:06:06Z,30320,3173,53,8431,6732,Python
NeteaseCloudMusicApi,2016-06-22T11:58:03Z,30304,457,0,1337,1190,N/A
full-stack-fastapi-template,2019-02-23T15:08:34Z,30296,607,10,420,257,TypeScript
winutil,2022-04-28T02:25:19Z,30183,1171,17,1731,1542,PowerShell
chatbot-ui,2023-03-11T14:53:14Z,30079,741,0,973,814,TypeScript
Sortable,2013-12-19T10:10:13Z,30072,511,30,1800,1342,JavaScript
calculator,2019-01-28T17:55:49Z,30062,1177,0,1076,713,C++
symfony,2010-01-04T14:21:21Z,30055,34320,537,20743,20219,PHP
manim,2020-05-19T02:37:13Z,30047,2338,29,1594,1180,Python
HEAD,2016-04-20T20:05:37Z,30027,154,0,93,73,N/A
awesome-cto,2016-12-16T19:22:18Z,30016,27,0,11,9,N/A
qBittorrent,2012-02-04T09:37:46Z,29985,4652,0,16394,13605,C++
layui,2015-09-22T08:12:03Z,29980,840,136,1216,1171,JavaScript
refine,2021-01-20T12:01:32Z,29959,4788,1000,1582,1557,TypeScript
tabby,2023-03-16T09:18:01Z,29957,2943,191,827,667,Rust
bulletproof-react,2021-05-30T14:47:16Z,29950,113,0,107,76,TypeScript
webtorrent,2013-10-15T08:16:40Z,29949,1175,210,1652,1586,JavaScript
minikube,2016-04-15T22:38:35Z,29949,10532,150,9849,9344,Go
dokku,2013-06-08T10:26:57Z,29946,4437,294,2766,2719,Shell
go-zero,2020-08-07T15:37:57Z,29945,2851,125,1730,1514,Go
interactive-coding-challenges,2015-04-28T21:36:39Z,29941,242,0,68,32,Python
sharp,2013-08-19T20:24:24Z,29910,425,88,3899,3771,JavaScript
stanford_alpaca,2023-03-10T23:33:09Z,29837,49,0,271,98,Python
jsPDF,2009-12-06T14:56:32Z,29810,1292,34,2524,2409,JavaScript
sequelize,2010-07-22T07:11:11Z,29794,6697,484,10367,9503,TypeScript
vue-cli,2015-12-26T23:11:20Z,29759,1815,177,5492,4558,JavaScript
mpv,2012-10-13T08:08:44Z,29751,5158,86,10258,9414,C
Real-ESRGAN,2021-07-19T03:23:30Z,29730,94,10,700,169,Python
foundation-sites,2011-10-13T23:05:42Z,29723,4106,79,8229,8180,HTML
Reactive-Resume,2020-03-25T14:08:22Z,29681,758,95,1447,1238,TypeScript
bubbletea,2020-01-10T21:04:03Z,29674,789,55,327,260,Go
Umi-OCR,2022-03-28T04:01:46Z,29673,52,30,648,475,Python
lossless-cut,2016-10-30T10:49:56Z,29672,254,99,1535,1359,TypeScript
fabric.js,2010-06-09T22:24:38Z,29669,3119,165,6130,5730,JavaScript
siyuan,2020-08-30T09:21:35Z,29607,505,742,13611,13272,TypeScript
AI-Expert-Roadmap,2020-10-24T21:49:40Z,29568,18,0,65,46,JavaScript
editor.js,2015-11-28T20:56:35Z,29565,1149,100,1503,919,TypeScript
leakcanary,2015-04-29T23:54:16Z,29557,1069,43,1610,1512,Kotlin
influxdb,2013-09-26T14:31:10Z,29535,11869,87,13754,11732,Rust
hutool,2014-04-13T07:23:51Z,29532,912,149,2885,2882,Java
project-guidelines,2017-06-30T10:17:55Z,29520,134,0,38,29,JavaScript
uppy,2015-11-16T12:32:33Z,29517,3258,132,2378,2235,TypeScript
react-boilerplate,2015-02-18T14:36:32Z,29513,1194,16,1905,1822,JavaScript
kafka,2011-08-15T18:06:16Z,29500,19007,0,0,0,Java
phantomjs,2010-12-27T08:18:58Z,29485,1137,0,4745,4731,C++
fabric,2024-01-03T23:18:31Z,29479,419,92,587,412,Go
netron,2010-12-26T12:53:43Z,29438,249,3,1175,1154,JavaScript
stats,2019-05-29T19:24:56Z,29432,463,284,1931,1911,Swift
500lines,2013-11-04T02:02:53Z,29409,233,0,70,39,JavaScript
OpenAPI-Specification,2014-03-03T16:53:36Z,29398,1690,12,2291,2120,Markdown
backstage,2020-01-24T22:39:49Z,29369,21114,406,6569,6224,TypeScript
Mr.-Ranedeer-AI-Tutor,2023-03-31T12:37:26Z,29367,30,3,47,34,N/A
comprehensive-rust,2022-12-21T15:17:24Z,29364,2265,0,320,214,Rust
particles.js,2014-09-06T14:29:47Z,29341,117,6,407,106,JavaScript
roop,2023-05-28T14:37:54Z,29340,225,6,0,0,Python
Hover,2014-01-02T14:27:35Z,29340,67,10,107,83,SCSS
servo,2012-02-08T19:07:25Z,29336,22401,0,13072,9929,Rust
apollo,2016-03-04T10:24:23Z,29333,1737,41,3295,3159,Java
tqdm,2015-06-03T13:13:14Z,29323,577,131,1013,584,Python
GPTs,2023-11-11T03:24:16Z,29310,58,0,27,21,N/A
standard,2015-01-27T01:23:31Z,29265,697,7,1232,1121,JavaScript
awesome-macos-command-line,2015-09-22T19:37:55Z,29260,181,0,0,0,N/A
ruoyi-vue-pro,2021-01-24T03:18:25Z,29250,161,34,523,512,Java
es6features,2014-03-03T18:29:30Z,29227,77,0,57,36,N/A
algo,2016-05-15T03:42:48Z,29200,734,2,1603,1429,Jinja
rocksdb,2012-11-30T06:16:18Z,29178,9883,200,3290,2599,C++
directus,2012-12-12T01:35:36Z,29147,8877,327,8984,8458,TypeScript
paper-reading,2021-10-22T06:34:51Z,29119,19,0,0,0,N/A
awesome-python-cn,2015-11-03T09:50:50Z,29115,82,0,31,18,Makefile
cheerio,2011-10-09T04:23:20Z,29103,3185,58,1206,1178,TypeScript
COVID-19,2020-02-04T22:03:53Z,29088,2773,0,3759,2079,N/A
alpine,2019-11-28T13:51:55Z,29079,958,136,609,608,HTML
MonitorControl,2017-09-16T21:13:40Z,29048,262,26,957,950,Swift
data-engineering-zoomcamp,2021-10-21T09:32:50Z,29024,563,0,133,132,Jupyter Notebook
pytorch-lightning,2019-03-31T00:45:57Z,29018,10382,163,7221,6352,Python
folly,2012-06-01T20:49:04Z,29002,1162,228,1182,912,C++
swift-algorithm-club,2016-01-26T17:56:12Z,28958,803,0,215,183,Swift
weekly,2017-03-20T06:10:04Z,28951,148,193,365,363,JavaScript
CheatSheetSeries,2018-12-21T14:26:43Z,28916,1099,0,481,438,Python
tiptap,2018-08-20T19:58:58Z,28911,1426,850,2947,2419,TypeScript
numpy,2010-09-13T23:02:39Z,28889,15204,125,13120,11112,Python
Data-Science-For-Beginners,2021-03-03T16:30:15Z,28857,402,0,117,95,Jupyter Notebook
k3s,2018-05-31T01:37:46Z,28853,4298,830,6455,6333,Go
composer,2011-06-08T08:53:00Z,28832,4055,209,7793,7685,PHP
canal,2013-01-13T10:59:52Z,28826,697,32,4647,3551,Java
django-rest-framework,2011-03-02T17:13:56Z,28820,4752,19,0,0,Python
croc,2017-10-17T15:20:18Z,28804,347,172,520,513,Go
css-protips,2015-08-29T12:29:03Z,28799,135,0,60,59,N/A
docsify,2016-11-20T07:55:43Z,28791,1136,14,1276,1133,JavaScript
surrealdb,2021-12-09T15:03:29Z,28743,2126,66,1942,1268,Rust
todomvc,2011-06-03T19:56:33Z,28732,1369,6,784,661,JavaScript
lux,2018-02-24T11:29:03Z,28717,339,86,1046,539,Go
lighthouse,2016-03-08T01:03:11Z,28715,6154,116,9091,8539,JavaScript
consul,2013-11-04T22:15:27Z,28702,16354,199,5499,4265,Go
mediapipe,2019-06-13T19:16:41Z,28682,541,59,5306,4931,C++
server,2016-06-02T07:44:14Z,28673,29978,308,19449,17234,PHP
python-guide,2011-03-15T03:24:20Z,28671,856,0,269,176,Batchfile
postcss,2013-09-24T23:06:48Z,28665,918,265,1008,984,TypeScript
CasaOS,2021-09-26T02:33:09Z,28640,284,96,1431,833,Go
SpringAll,2018-05-02T02:48:44Z,28612,25,0,48,27,Java
slick,2014-03-24T02:10:05Z,28604,699,48,3613,2403,JavaScript
k9s,2019-01-25T18:46:02Z,28599,1199,233,1949,1389,Go
linkedin-skill-assessments-quizzes,2019-07-13T19:52:56Z,28574,6011,1,890,807,N/A
Hello-Python,2022-08-03T17:14:53Z,28561,10,0,152,130,Python
react-spring,2018-03-07T15:39:32Z,28478,597,50,1244,1141,TypeScript
vuex,2015-07-16T04:21:26Z,28461,983,51,1265,1166,JavaScript
handson-ml2,2019-01-08T03:49:07Z,28441,136,0,514,300,Jupyter Notebook
machine-learning-for-software-engineers,2016-10-09T21:20:25Z,28364,96,0,26,9,N/A
llama3,2024-03-15T17:57:00Z,28362,96,0,284,118,Python
android_guides,2013-06-19T10:24:45Z,28347,23,0,379,219,N/A
plyr,2015-02-14T11:33:07Z,28338,557,88,2099,1220,JavaScript
Clone-Wars,2020-12-02T11:10:16Z,28325,170,0,81,70,N/A
xxl-job,2015-11-28T12:59:34Z,28319,517,36,3135,2484,Java
Free-Certifications,2020-07-31T10:26:19Z,28309,150,0,96,67,N/A
spring-cloud-alibaba,2017-12-01T20:49:15Z,28238,1481,47,2441,2188,Java
UTM,2019-04-12T16:09:24Z,28234,357,118,3228,2352,Swift
react-three-fiber,2019-02-25T14:31:51Z,28228,772,119,1073,1018,TypeScript
puter,2024-03-03T01:44:32Z,28227,537,8,538,382,JavaScript
async,2010-06-01T21:01:30Z,28224,870,7,1139,1133,JavaScript
ladybird,2024-05-30T09:18:10Z,28165,2957,0,702,361,C++
JavaScript30,2016-12-07T19:15:31Z,28122,698,0,0,0,HTML
the-super-tiny-compiler,2016-03-11T04:19:18Z,28121,60,0,0,0,JavaScript
trilium,2017-05-23T00:30:20Z,28106,373,297,3499,2614,JavaScript
backbone,2010-09-30T19:41:28Z,28102,1868,0,2404,2364,JavaScript
immer,2017-12-29T12:25:47Z,28102,487,109,665,632,JavaScript
tinygrad,2020-10-18T16:23:12Z,28088,8251,11,863,739,Python
druid,2011-11-03T05:12:51Z,28068,1839,51,4482,2276,Java
DevToys,2021-09-29T01:40:41Z,28059,536,38,883,657,C#
ChatGPT,2022-12-03T14:35:24Z,28058,351,277,805,794,Python
tuning_playbook,2023-01-18T23:32:32Z,28032,27,0,43,34,N/A
cobalt,2022-07-08T18:12:55Z,28032,356,0,731,598,Svelte
fish-shell,2012-05-10T03:00:55Z,28032,3510,45,7382,6956,Rust
Complete-Python-3-Bootcamp,2018-02-12T19:30:10Z,28013,261,0,361,223,Jupyter Notebook
tokio,2016-09-09T22:31:36Z,27990,4077,126,2385,2095,Rust
nginxconfig.io,2018-01-05T14:21:14Z,27979,244,0,238,184,JavaScript
filebrowser,2015-09-11T21:21:58Z,27938,783,62,2536,2449,Go
stb,2014-05-25T16:51:23Z,27919,763,0,850,687,C
reverse-interview,2019-09-08T13:38:40Z,27915,104,0,25,18,N/A
data-science-ipython-notebooks,2015-01-23T19:38:29Z,27885,66,0,41,22,Python
viper,2014-04-02T14:33:33Z,27880,930,32,885,478,Go
os-tutorial,2014-09-29T08:39:34Z,27857,104,0,176,104,C
mantine,2021-01-07T14:02:19Z,27842,1813,252,2949,2925,TypeScript
react-select,2014-08-26T04:27:45Z,27833,1765,59,3607,3247,TypeScript
xstate,2015-09-14T15:04:15Z,27828,2343,400,1369,1272,TypeScript
cursor,2023-03-12T00:19:42Z,27819,83,0,2467,1078,N/A
xyflow,2019-07-15T14:47:30Z,27787,1545,294,2124,2015,TypeScript
glances,2011-12-04T08:49:15Z,27782,920,49,1981,1803,Python
medusa,2020-01-18T13:39:04Z,27778,7885,113,2757,2673,TypeScript
waifu2x,2015-05-17T07:29:15Z,27758,79,3,362,209,Lua
Charts,2015-03-20T10:49:12Z,27742,948,38,4267,3383,Swift
aider,2023-05-09T18:57:49Z,27737,476,81,2844,2336,Python
mobx,2015-03-14T14:31:38Z,27737,1338,112,1962,1911,TypeScript
GPT_API_free,2023-04-23T12:42:08Z,27726,7,0,332,275,Python
applied-ml,2020-07-04T18:57:47Z,27722,229,0,24,22,N/A
restic,2014-04-27T14:07:58Z,27698,2528,47,2710,2347,Go
jan,2023-08-17T02:17:10Z,27680,2153,73,2191,2052,TypeScript
90DaysOfDevOps,2021-12-26T13:55:18Z,27668,403,2,89,80,Shell
ink,2017-06-12T06:12:28Z,27659,308,53,357,290,TypeScript
DeepFaceLive,2020-12-15T12:19:22Z,27657,25,35,144,143,Python
diffusers,2022-05-30T16:04:02Z,27629,5476,81,4530,4125,Python
vhr,2018-01-04T08:57:51Z,27598,80,0,254,96,Java
gitbook,2014-03-31T03:01:56Z,27575,966,21,1866,1829,TypeScript
hosts,2012-04-12T20:22:50Z,27536,678,731,2022,1944,Python
yapi,2016-05-30T09:09:09Z,27503,298,1,2446,921,JavaScript
helm,2015-10-06T01:07:32Z,27492,5701,204,7940,7557,Go
CLIP,2020-12-16T11:24:42Z,27490,65,0,412,189,Jupyter Notebook
textual,2021-04-08T15:24:47Z,27455,2303,166,2106,1938,Python
Daily-Interview-Question,2019-01-19T10:49:00Z,27454,23,0,560,298,JavaScript
ResumeSample,2014-09-08T08:08:13Z,27432,11,0,0,0,N/A
vnpy,2015-03-02T03:36:58Z,27427,1494,62,2076,2070,Python
python-fire,2017-02-21T21:35:07Z,27418,242,11,326,198,Python
motion,2018-11-16T09:48:38Z,27396,1128,0,1746,1499,TypeScript
underscore,2009-10-25T18:31:06Z,27378,1562,0,1424,1394,JavaScript
Python-programming-exercises,2012-06-14T07:56:46Z,27317,119,0,85,17,N/A
Xray-core,2020-11-09T11:23:10Z,27300,1165,78,2363,2355,Go
aos,2015-07-09T17:49:00Z,27284,143,0,700,360,JavaScript
weui,2014-12-18T04:09:54Z,27264,283,51,668,615,HTML
Jobs_Applier_AI_Agent_AIHawk,2024-08-04T12:15:06Z,27250,332,0,681,653,Python
mindsdb,2018-08-02T17:56:45Z,27245,5887,283,4105,4026,Python
TrackersListCollection,2019-10-03T15:55:07Z,27231,16,0,0,0,N/A
Retrieval-based-Voice-Conversion-WebUI,2023-03-27T09:59:10Z,27219,694,7,1777,1274,Python
dragonfly,2021-12-11T10:00:42Z,27209,2982,91,1462,1263,C++
Probabilistic-Programming-and-Bayesian-Methods-for-Hackers,2013-01-14T15:46:28Z,27204,324,0,245,90,Jupyter Notebook
ghostty,2022-03-29T17:38:26Z,27193,2245,1,1618,1482,Zig
it-tools,2020-04-05T11:50:24Z,27191,870,10,556,190,Vue
awesome-sysadmin,2014-12-23T08:41:22Z,27130,487,0,100,86,N/A
dnSpy,2015-07-01T16:05:10Z,27129,83,1,0,0,C#
AdGuardHome,2016-07-06T10:31:47Z,27114,483,195,5561,4538,Go
mongoose,2010-04-06T21:39:05Z,27109,4003,176,10957,10740,JavaScript
firecracker,2017-10-19T06:18:47Z,27097,3535,75,1432,1372,Rust
JCSprout,2017-12-17T09:06:50Z,27092,114,0,89,59,Java
Tvlist-awesome-m3u-m3u8,2017-02-18T03:59:25Z,27063,13,0,70,47,N/A
commander.js,2011-08-14T21:33:58Z,27063,1207,82,1105,1100,JavaScript
turborepo,2021-10-05T17:37:11Z,27037,6750,464,1836,1707,Rust
Web,2017-01-03T11:44:33Z,27015,85,0,212,152,N/A
python-telegram-bot,2015-07-07T15:30:39Z,27004,1965,121,2222,2206,Python
tdesktop,2014-05-02T12:36:31Z,26990,2097,770,14697,13836,C++
crewAI,2023-10-27T03:26:59Z,26986,861,76,1135,1023,Python
swagger-ui,2011-07-15T22:56:39Z,26962,4361,351,5551,4389,JavaScript
legacy-homebrew,2009-05-20T19:38:37Z,26961,33606,0,17029,17029,N/A
codemirror5,2011-01-14T13:44:03Z,26958,2889,173,4195,3788,JavaScript
redash,2013-10-28T13:19:39Z,26946,4291,99,2534,1940,Python
coder2gwy,2020-12-30T14:40:50Z,26904,4,0,155,28,N/A
wails,2018-12-15T23:14:06Z,26889,1649,227,1926,1674,Go
firecrawl,2024-04-15T21:02:29Z,26886,718,12,480,378,TypeScript
ace,2010-10-27T10:43:36Z,26867,2401,97,3127,3040,JavaScript
rethinkdb,2012-10-30T05:37:47Z,26856,694,72,6392,5047,C++
Avalonia,2013-12-05T20:13:21Z,26851,5900,98,7505,5920,C#
kit,2015-02-03T00:01:19Z,26829,665,13,567,527,Go
angular-cli,2015-06-04T19:49:37Z,26829,13407,795,15793,15514,TypeScript
headlessui,2020-09-16T09:53:09Z,26824,764,120,1346,1254,TypeScript
mongo,2009-01-15T16:15:18Z,26811,1584,0,0,0,C++
rust-course,2018-08-07T05:01:21Z,26807,907,0,206,148,Rust
k6,2016-03-21T15:30:24Z,26802,2304,68,2218,1525,Go
Faker,2011-10-14T22:49:02Z,26795,1503,12,570,494,PHP
vue-vben-admin,2020-07-11T02:29:21Z,26793,1968,54,3105,3038,Vue
anoma,2021-02-02T10:00:16Z,26774,1102,7,627,513,Elixir
taichi,2016-11-24T10:00:05Z,26769,5842,117,2681,1867,C++
gitflow,2010-01-20T23:14:12Z,26759,223,0,364,126,Shell
hangzhou_house_knowledge,2018-02-24T01:54:18Z,26742,13,0,148,49,CSS
openssl,2013-01-15T22:34:48Z,26741,15145,274,10314,8686,C
data-engineer-handbook,2023-11-19T19:47:41Z,26685,218,0,44,35,Jupyter Notebook
duckdb,2018-06-26T15:04:45Z,26661,7951,46,5563,5252,C++
fastai,2017-09-09T17:43:36Z,26658,2242,55,1807,1594,Jupyter Notebook
xgboost,2014-02-06T17:28:03Z,26621,5858,62,5402,5025,C++
react-virtualized,2015-11-03T00:48:07Z,26613,640,6,1217,1214,JavaScript
so-vits-svc,2023-03-10T09:31:09Z,26581,186,0,129,108,Python
Rectangle,2019-06-21T21:34:53Z,26515,275,89,665,570,Swift
vagrant,2010-01-21T08:34:27Z,26493,3882,134,9563,8887,Ruby
30-Days-Of-React,2020-09-29T13:38:54Z,26479,346,0,76,18,JavaScript
nodemon,2010-10-03T12:50:52Z,26459,535,102,1672,1670,JavaScript
cascadia-code,2019-07-10T22:50:20Z,26455,126,20,638,496,Python
drizzle-orm,2021-06-24T09:03:05Z,26443,923,128,2675,1564,TypeScript
vscodium,2018-08-13T14:26:58Z,26413,565,212,1381,1262,Shell
srs,2015-04-29T06:59:32Z,26409,792,66,1461,1259,C++
create-t3-app,2022-05-24T13:31:01Z,26407,1353,135,706,647,TypeScript
spleeter,2019-09-26T15:40:46Z,26404,126,2,784,561,Python
kitty,2016-10-16T14:48:28Z,26381,1380,121,5896,5881,Python
GoodbyeDPI,2017-05-16T18:48:52Z,26376,57,30,694,566,C
the_silver_searcher,2011-11-19T19:50:47Z,26365,696,0,849,412,C
khoj,2021-08-16T01:48:44Z,26357,493,127,517,449,Python
Detectron,2017-10-05T17:32:00Z,26302,103,0,926,620,Python
MinerU,2024-02-29T08:52:34Z,26297,667,91,1001,935,Python
quasar,2015-10-05T15:45:36Z,26291,4706,989,7909,7398,JavaScript
miaosha,2018-09-14T04:36:24Z,26257,71,0,82,80,Java
nprogress,2013-08-20T13:58:02Z,26248,95,7,155,52,JavaScript
ChatDev,2023-08-28T02:18:13Z,26228,201,9,270,246,Python
emscripten,2011-02-12T05:23:30Z,26194,13678,0,9532,7678,C++
cmder,2013-07-09T07:44:22Z,26194,610,34,2281,2227,C++
awesome-electron,2015-04-23T11:48:53Z,26133,676,0,44,42,N/A
Signal-Android,2011-12-15T20:01:12Z,26128,2883,81,11000,10614,Kotlin
jumpserver,2014-07-04T03:54:59Z,26116,7903,240,6935,6898,Python
nginx,2015-06-23T10:26:27Z,26079,247,4,208,93,C
fastText,2016-07-16T13:38:42Z,26077,268,4,1077,611,HTML
ExplorerPatcher,2021-08-09T14:17:24Z,26071,53,287,2287,2055,C
lottie-ios,2016-10-06T22:38:38Z,26053,879,69,1444,1417,Swift
next-auth,2018-01-27T12:28:16Z,26039,3125,1000,4796,4482,TypeScript
darknet,2014-04-11T07:59:16Z,26032,268,0,2373,561,C
awesome-vscode,2016-02-07T23:02:45Z,26014,334,0,50,26,JavaScript
hacker-laws,2018-01-25T03:46:34Z,25959,206,1,210,71,Shell
ItChat,2016-01-19T07:49:48Z,25954,111,13,905,623,Python
select2,2012-03-04T18:43:12Z,25953,1531,29,4825,4718,JavaScript
go-patterns,2015-12-14T22:05:06Z,25931,96,0,30,13,Go
DeepSpeech,2016-06-02T15:04:53Z,25909,1679,105,2112,1986,C++
fonts,2012-12-19T13:31:50Z,25899,139,1,253,98,Shell
table,2016-10-20T17:25:08Z,25848,1325,267,2469,2273,TypeScript
everyone-can-use-english,2019-03-15T16:33:53Z,25831,691,46,430,370,TypeScript
refined-github,2016-02-15T16:45:02Z,25822,3865,166,4323,4209,TypeScript
setup-ipsec-vpn,2016-01-07T16:44:12Z,25812,106,0,1482,1482,Shell
Telegram,2013-10-25T14:08:10Z,25811,676,95,0,0,Java
fyne,2018-02-04T22:07:16Z,25809,2284,49,2988,2325,Go
awesome-datascience,2014-07-05T07:07:43Z,25783,394,11,60,59,N/A
fastjson,2011-11-03T06:58:52Z,25777,870,84,3630,1695,Java
fetch,2014-10-13T00:26:19Z,25766,399,56,655,647,JavaScript
iced,2019-07-15T22:34:46Z,25754,1273,17,1157,862,Rust
llm.c,2024-04-08T16:58:11Z,25733,598,0,145,66,Cuda
awesome-actions,2018-10-17T17:53:45Z,25727,605,0,41,27,N/A
Modernizr,2009-09-25T20:13:23Z,25717,1239,27,1495,1324,JavaScript
fe-interview,2019-04-17T03:05:58Z,25708,17,2,6035,26,JavaScript
